artist,songs
Zach Bryan,I Remember Everything (feat. Kacey Musgraves)
Chris Stapleton,White Horse
Jelly Roll,Need A Favor
Jelly Roll,Save Me (with Lainey Wilson)
Austin Williams,90s Rap Mashup
New Release,Thinkin’ Bout Me
Morgan Wallen,Sin So Sweet
Warren Zeiders,Fast Car
New Release,Last Night
Luke Combs,Billboard Hot 100
Morgan Wallen,Where the Wild Things Are
Luke Combs,Flyin' Pass (Single)
Caldwell,Rich Men North of Richmond
New Release,Billboard Hot 100
Oliver Anthony Music,To Be A Man (feat. Darius Rucker)
Dax,Fancy Like Christmas
Walker Hayes,Islands In the Stream
Dolly Parton & Kenny Rogers,Watermelon Moonshine
Lainey Wilson,The Painter
Cody Johnson,Tennessee Whiskey
Chris Stapleton,TRUCK BED
HARDY,Pretty Little Poison
Warren Zeiders,World on Fire
Nate Smith,Everleave
Alexandra Kay,Friends in Low Places (Live)
Garth Brooks,The Dance (Live)
Garth Brooks,Something in the Orange (Z&E's Version)
Zach Bryan,Love Story (Taylor’s Version)
Taylor Swift,Wildflowers and Wild Horses
Lainey Wilson,Dirt Cheap
Cody Johnson,We Don't Fight Anymore (feat. Chris Stapleton)
Carly Pearce,Think I'm In Love With You
Chris Stapleton,Religiously
Bailey Zimmerman,Cowgirls (feat. ERNEST)
Morgan Wallen,Chevrolet (feat. Jelly Roll)
Dustin Lynch,wait in the truck
HARDY & Lainey Wilson,Everything I Love
Morgan Wallen,You Belong With Me (Taylor’s Version)
Taylor Swift,A Lot More Free
Max McNown,Heart Like A Truck
Lainey Wilson,Next Thing You Know
Jordan Davis,23
Chayce Beckham,Thought You Should Know
Morgan Wallen,Don't Let the Old Man In
Toby Keith,Mamaw's House (feat. Morgan Wallen)
Thomas Rhett,Wasted On You
Morgan Wallen,Pickup Man (feat. Post Malone)
HIXTAPE & Joe Diffie,Can't Have Mine (Find You a Girl)
Dylan Scott,Whiskey Glasses
Morgan Wallen,Life With You
Kelsey Hart,Try That In A Small Town
Jason Aldean,Billboard Hot 100
Cody Webb,Don't Grow Up Too Fast
Rvshvd,Small Town Talk
Dan + Shay,Save Me The Trouble
Chris Stapleton,It Takes A Woman
Kane Brown & Katelyn Brown,Thank God
Luke Combs,Love You Anyway
Will Dempsey,Beat You There
Tim McGraw,Standing Room Only
Cooper Alan,Take Forever (Hally's Song)
The Red Clay Strays,Wondering Why
Cody Johnson,'Til You Can't
Chris Stapleton,Joy of My Life
Zach Bryan,Hey Driver (feat. The War and Treaty)
Morgan Wallen,Chasin' You
Chris Stapleton,You Should Probably Leave
Tyler Childers,In Your Love
Jelly Roll,Halfway To Hell
Parker McCollum,Burn It Down
Kane Brown,I Can Feel It
Garth Brooks,The Thunder Rolls (Live)
Old Dominion & Megan Moroney,Can't Break Up Now
Jason Aldean,Let Your Boys Be Country
Chris Stapleton,Starting Over
Morgan Wallen,Man Made A Bar (feat. Eric Church)
Justin Moore,This Is My Dirt
New Release,Something in the Orange
Zach Bryan,Where Rainbows Never Die
The SteelDrivers,Stars Like Confetti
Dustin Lynch,Wagon Wheel
Darius Rucker,But I Got A Beer In My Hand
Luke Bryan,What Am I Gonna Do
Chris Stapleton,Spotless (feat. The Lumineers)
Zach Bryan,Heartbroken (Jessie Version)
Diplo & Jessie Murph,If Tomorrow Never Comes (Live)
Garth Brooks,Rock and a Hard Place
Bailey Zimmerman,Oklahoma Smokeshow
Zach Bryan,Take Her Home
Kenny Chesney,Cuckoo
Stephen Wilson Jr.,You Proof
Morgan Wallen,Back Then Right Now
Tyler Hubbard,Whiskey Bent (feat. Jelly Roll)
Cody Johnson,Coal
Dylan Gossett,Tennessee Orange
Megan Moroney,Sun to Me
Zach Bryan,Bring My Flowers Now
Tanya Tucker,South Dakota
Chris Stapleton,Creek Will Rise
Conner Smith,Beautiful Crazy
Luke Combs,Our Song
Taylor Swift,Light On In The Kitchen
Ashley McBryde,Thicc As Thieves
Lauren Alaina & Lainey Wilson,The Voice
